<?xml version="1.0" encoding="UTF-8"?>
<ns0:ADR_A19 xmlns:ns0="urn:hl7-org:v2xml">
  <ns0:MSH>
    <ns0:MSH.1>|</ns0:MSH.1>
    <ns0:MSH.2>^~\&amp;</ns0:MSH.2>
    <ns0:MSH.9>
      <ns0:MSG.1>ADR</ns0:MSG.1>
      <ns0:MSG.2>A19</ns0:MSG.2>
    </ns0:MSH.9>
    <ns0:MSH.10>20170124093533345</ns0:MSH.10>
    <ns0:MSH.11>
      <ns0:PT.1>P</ns0:PT.1>
    </ns0:MSH.11>
    <ns0:MSH.12>
      <ns0:VID.1>2.3.1</ns0:VID.1>
    </ns0:MSH.12>
  </ns0:MSH>
  <ns0:MSA>
    <ns0:MSA.1>AA</ns0:MSA.1>
    <ns0:MSA.2>20170124093533345</ns0:MSA.2>
  </ns0:MSA>
  <ns0:QRD>
    <ns0:QRD.1>
      <ns0:TS.1>20170124093533345</ns0:TS.1>
    </ns0:QRD.1>
    <ns0:QRD.2>R</ns0:QRD.2>
    <ns0:QRD.3>I</ns0:QRD.3>
    <ns0:QRD.4>Q20170124093533345</ns0:QRD.4>
    <ns0:QRD.7>
      <ns0:CQ.1>1</ns0:CQ.1>
      <ns0:CQ.2>
        <ns0:CE.1>RD</ns0:CE.1>
      </ns0:CQ.2>
    </ns0:QRD.7>
    <ns0:QRD.8>
      <ns0:XCN.1>1</ns0:XCN.1>
      <ns0:XCN.9>
        <ns0:HD.1>D1</ns0:HD.1>
      </ns0:XCN.9>
    </ns0:QRD.8>
    <ns0:QRD.9>
      <ns0:CE.1>DEM</ns0:CE.1>
    </ns0:QRD.9>
  </ns0:QRD>
  <ns0:ADR_A19.QUERY_RESPONSE>
    <ns0:PID>
      <ns0:PID.1>1</ns0:PID.1>
      <ns0:PID.3>
        <ns0:CX.1>1</ns0:CX.1>
      </ns0:PID.3>
      <ns0:PID.5>
        <ns0:XPN.1>
          <ns0:FN.1>Loos</ns0:FN.1>
        </ns0:XPN.1>
        <ns0:XPN.2>Mike</ns0:XPN.2>
      </ns0:PID.5>
      <ns0:PID.7>
        <ns0:TS.1>19751227</ns0:TS.1>
      </ns0:PID.7>
      <ns0:PID.30>N</ns0:PID.30>
    </ns0:PID>
    <ns0:PV1>
      <ns0:PV1.2>R</ns0:PV1.2>
      <ns0:PV1.7>
        <ns0:XCN.2>
          <ns0:FN.1>Dr Singh</ns0:FN.1>
        </ns0:XCN.2>
      </ns0:PV1.7>
      <ns0:PV1.44>
        <ns0:TS.1>20160502</ns0:TS.1>
      </ns0:PV1.44>
    </ns0:PV1>
    <ns0:OBX>
      <ns0:OBX.1>28</ns0:OBX.1>
      <ns0:OBX.2>TX</ns0:OBX.2>
      <ns0:OBX.3>
        <ns0:CE.1>12345</ns0:CE.1>
        <ns0:CE.2>Blood Test</ns0:CE.2>
        <ns0:CE.5>Blood Test Normal</ns0:CE.5>
      </ns0:OBX.3>
      <ns0:OBX.11>F</ns0:OBX.11>
      <ns0:OBX.14>
        <ns0:TS.1>20160502</ns0:TS.1>
      </ns0:OBX.14>
    </ns0:OBX>
  </ns0:ADR_A19.QUERY_RESPONSE>
</ns0:ADR_A19>