<?xml version="1.0" encoding="UTF-8"?>
<mule xmlns="http://www.mulesoft.org/schema/mule/core" xmlns:apikit="http://www.mulesoft.org/schema/mule/apikit" xmlns:db="http://www.mulesoft.org/schema/mule/db" xmlns:doc="http://www.mulesoft.org/schema/mule/documentation" xmlns:http="http://www.mulesoft.org/schema/mule/http" xmlns:spring="http://www.springframework.org/schema/beans" xmlns:xsi="http://www.w3.org/2001/XMLSchema-instance" xsi:schemaLocation="http://www.mulesoft.org/schema/mule/core http://www.mulesoft.org/schema/mule/core/current/mule.xsd
http://www.mulesoft.org/schema/mule/http http://www.mulesoft.org/schema/mule/http/current/mule-http.xsd
http://www.mulesoft.org/schema/mule/apikit http://www.mulesoft.org/schema/mule/apikit/current/mule-apikit.xsd
http://www.springframework.org/schema/beans http://www.springframework.org/schema/beans/spring-beans-3.1.xsd
http://www.mulesoft.org/schema/mule/db http://www.mulesoft.org/schema/mule/db/current/mule-db.xsd">
    <apikit:config name="create-db-config" raml="create-db.raml" consoleEnabled="false" doc:name="Router"/>
    <flow name="create-db-main">
        <http:listener config-ref="HTTP_Listener_Configuration" path="/create-db/api/*" doc:name="HTTP"/>
        <apikit:router config-ref="create-db-config" doc:name="APIkit Router"/>
        <exception-strategy ref="create-db-apiKitGlobalExceptionMapping" doc:name="Reference Exception Strategy"/>
    </flow>
    <flow name="create-db-console">
        <http:listener config-ref="HTTP_Listener_Configuration" path="/create-db/console/*" doc:name="HTTP"/>
        <apikit:console config-ref="create-db-config" doc:name="APIkit Console"/>
    </flow>
    <flow name="get:/db/load:create-db-config">
        <db:bulk-execute config-ref="MySQL_Configuration" doc:name="Drop and Create Tables"><![CDATA[DROP TABLE if exists Patient;
DROP TABLE if exists Visit;
DROP TABLE if exists LabResults;

CREATE TABLE Patient
(
   PatientID int PRIMARY KEY,
   FirstName varchar(50),
   LastName varchar(50),
   BirthDate date
);

CREATE TABLE Visit
(
   VisitID int PRIMARY KEY,
   AdmitDate Date,
   PhysicianName varchar(50),
   PatientID int
);

CREATE TABLE LabResults
(
   LabResultID int PRIMARY KEY,
   ResultDate Date,
   Code varchar(50),
   Description varchar(50),
   Results varchar(255),
   VisitID int
);]]></db:bulk-execute>
        <db:bulk-execute config-ref="MySQL_Configuration" doc:name="Populate patients"><![CDATA[INSERT INTO Patient (PatientID, FirstName, LastName, BirthDate)
VALUES (1,'Mike','Loos','1975-01-01'),
       (2,'Jim','Williams','1980-01-01');]]></db:bulk-execute>
        <db:bulk-execute config-ref="MySQL_Configuration" doc:name="Populate visits"><![CDATA[insert into Visit (VisitID, AdmitDate, PhysicianName, PatientID)
values (1,'2016-12-24','Dr. Roberts',1),
 (2,'2017-01-03','Dr. Spock',2),
 (3,'2017-02-04','Dr. Know',2);]]></db:bulk-execute>
        <db:bulk-execute config-ref="MySQL_Configuration" doc:name="Populate labs"><![CDATA[insert into LabResults (LabResultID, ResultDate, Code, Description, Results, VisitID)
values (1,'2016-12-24','11222','Blood Test','results normal',1),
(2,'2017-01-03','11222','Blood Test','results normal',2),
(3,'2017-02-04','11331','Liver Test','results normal',3),
(4,'2017-02-04','11332','Kidney Test','results normal',3);]]></db:bulk-execute>
        <set-payload value="{
  &quot;status&quot;: &quot;success&quot;,
  &quot;patientId&quot;: 1
}" doc:name="Set Payload"/>
    </flow>
    <apikit:mapping-exception-strategy name="create-db-apiKitGlobalExceptionMapping">
        <apikit:mapping statusCode="404">
            <apikit:exception value="org.mule.module.apikit.exception.NotFoundException" />
            <set-property propertyName="Content-Type" value="application/json" doc:name="Property"/>
            <set-payload value="{ &quot;message&quot;: &quot;Resource not found&quot; }" doc:name="Set Payload"/>
        </apikit:mapping>
        <apikit:mapping statusCode="405">
            <apikit:exception value="org.mule.module.apikit.exception.MethodNotAllowedException" />
            <set-property propertyName="Content-Type" value="application/json" doc:name="Property"/>
            <set-payload value="{ &quot;message&quot;: &quot;Method not allowed&quot; }" doc:name="Set Payload"/>
        </apikit:mapping>
        <apikit:mapping statusCode="415">
            <apikit:exception value="org.mule.module.apikit.exception.UnsupportedMediaTypeException" />
            <set-property propertyName="Content-Type" value="application/json" doc:name="Property"/>
            <set-payload value="{ &quot;message&quot;: &quot;Unsupported media type&quot; }" doc:name="Set Payload"/>
        </apikit:mapping>
        <apikit:mapping statusCode="406">
            <apikit:exception value="org.mule.module.apikit.exception.NotAcceptableException" />
            <set-property propertyName="Content-Type" value="application/json" doc:name="Property"/>
            <set-payload value="{ &quot;message&quot;: &quot;Not acceptable&quot; }" doc:name="Set Payload"/>
        </apikit:mapping>
        <apikit:mapping statusCode="400">
            <apikit:exception value="org.mule.module.apikit.exception.BadRequestException" />
            <set-property propertyName="Content-Type" value="application/json" doc:name="Property"/>
            <set-payload value="{ &quot;message&quot;: &quot;Bad request&quot; }" doc:name="Set Payload"/>
        </apikit:mapping>
    </apikit:mapping-exception-strategy>
</mule>
