<?xml version="1.0" encoding="UTF-8"?>
<mule xmlns:tracking="http://www.mulesoft.org/schema/mule/ee/tracking" xmlns:metadata="http://www.mulesoft.org/schema/mule/metadata" xmlns:apikit="http://www.mulesoft.org/schema/mule/apikit" xmlns:scripting="http://www.mulesoft.org/schema/mule/scripting" xmlns="http://www.mulesoft.org/schema/mule/core" xmlns:db="http://www.mulesoft.org/schema/mule/db" xmlns:doc="http://www.mulesoft.org/schema/mule/documentation" xmlns:dw="http://www.mulesoft.org/schema/mule/ee/dw" xmlns:hl7="http://www.mulesoft.org/schema/mule/hl7" xmlns:http="http://www.mulesoft.org/schema/mule/http" xmlns:spring="http://www.springframework.org/schema/beans" xmlns:xsi="http://www.w3.org/2001/XMLSchema-instance" xsi:schemaLocation="http://www.springframework.org/schema/beans http://www.springframework.org/schema/beans/spring-beans-current.xsd
http://www.mulesoft.org/schema/mule/db http://www.mulesoft.org/schema/mule/db/current/mule-db.xsd
http://www.mulesoft.org/schema/mule/http http://www.mulesoft.org/schema/mule/http/current/mule-http.xsd
http://www.mulesoft.org/schema/mule/hl7 http://www.mulesoft.org/schema/mule/hl7/current/mule-hl7.xsd
http://www.mulesoft.org/schema/mule/scripting http://www.mulesoft.org/schema/mule/scripting/current/mule-scripting.xsd
http://www.mulesoft.org/schema/mule/apikit http://www.mulesoft.org/schema/mule/apikit/current/mule-apikit.xsd
http://www.mulesoft.org/schema/mule/ee/dw http://www.mulesoft.org/schema/mule/ee/dw/current/dw.xsd
http://www.mulesoft.org/schema/mule/core http://www.mulesoft.org/schema/mule/core/current/mule.xsd
http://www.mulesoft.org/schema/mule/ee/tracking http://www.mulesoft.org/schema/mule/ee/tracking/current/mule-tracking-ee.xsd">
    <apikit:config xmlns:apikit="http://www.mulesoft.org/schema/mule/apikit" name="EMR-System-config" raml="EMR-System.raml" consoleEnabled="false" doc:name="Router"/>
    <flow name="EMR-System-main">
        <http:listener config-ref="HTTP_Listener_Configuration" path="/api/*" doc:name="HTTP"/>
        <apikit:router xmlns:apikit="http://www.mulesoft.org/schema/mule/apikit" config-ref="EMR-System-config" doc:name="APIkit Router"/>
        <exception-strategy ref="EMR-System-apiKitGlobalExceptionMapping" doc:name="Reference Exception Strategy"/>
    </flow>
    <flow name="EMR-PatientQueryFlow">
        <hl7:inbound-endpoint host="0.0.0.0" port="5004" responseTimeout="10000" exchange-pattern="request-response" doc:name="HL7 MLLP"/>
        <object-to-string-transformer doc:name="Convert QRY_A19 to String"/>
        <hl7:hl7-encoding-transformer hl7Encoding="XML" doc:name="Tranform HL7 to XML"/>
        <set-variable variableName="data" value="#[payload]" doc:name="StoreInboundHL7DataForResponse"/>
        <dw:transform-message doc:name="Transform Message" metadata:id="308bce76-e92c-4b1a-bd95-daf92ed7e826">
            <dw:input-payload mimeType="application/xml"/>
            <dw:set-payload><![CDATA[%dw 1.0
%output application/java
%namespace ns0 urn:hl7-org:v2xml
---
{
	patientId: payload.ns0#QRY_A19.ns0#QRD.ns0#"QRD.8".ns0#"XCN.1",
	messageId: payload.ns0#QRY_A19.ns0#MSH.ns0#"MSH.10",
	queryId: payload.ns0#QRY_A19.ns0#QRD.ns0#"QRD.4"
}]]></dw:set-payload>
        </dw:transform-message>
        <set-variable variableName="data" value="#[payload]" doc:name="Variable"/>
        <flow-ref name="GetLastVisitForPatient" doc:name="GetLastVisitForPatient"/>
        <enricher doc:name="Message Enricher">
            <flow-ref name="GetLabResultsForVisit" doc:name="GetLabResultsForVisit"/>
            <enrich source="#[payload.labResults]" target="#[payload.labResults]"/>
        </enricher>
        <dw:transform-message metadata:id="11457998-7a5a-4458-9b45-28b3a91a434b" doc:name="map results to ADR_19">
            <dw:input-payload doc:sample="sample_data/PatientVisit_1.dwl"/>
            <dw:input-variable doc:sample="sample_data/QRY_A19_save_2.dwl" variableName="data"/>
            <dw:set-payload><![CDATA[%dw 1.0
%output application/xml
%namespace ns0 urn:hl7-org:v2xml
---
{
	ns0#ADR_A19: {
		ns0#MSH: {
			ns0#"MSH.1": "|",
			ns0#"MSH.2": "^~\\\\&",
			ns0#"MSH.9": {
				ns0#"MSG.1": "ADR",
				ns0#"MSG.2": "A19"
			},
			ns0#"MSH.10": flowVars.data.messageId as :string {format : "yyyyMMddkkmmssSSS"},
			ns0#"MSH.11": {
				ns0#"PT.1": "P"
			},
			ns0#"MSH.12": {
				ns0#"VID.1": "2.3.1"
			}
		},
		ns0#MSA: {
			ns0#"MSA.1": "AA",
			ns0#"MSA.2": flowVars.data.messageId as :string {format : "yyyyMMddkkmmssSSS"}
		},
		ns0#QRD: {
			ns0#"QRD.1": {
				ns0#"TS.1": flowVars.data.messageId as :string {format : "yyyyMMddkkmmssSSS"}
			},
			ns0#"QRD.4": flowVars.data.queryId,
			ns0#"QRD.7": {
				ns0#"CQ.1": "1",
				ns0#"CQ.2": {
					ns0#"CE.1": "RD"
				}
			},
			ns0#"QRD.8": {
				ns0#"XCN.1": payload.patientId as :string,
				ns0#"XCN.9": {
					ns0#"HD.1": "D" ++ payload.patientId as :string
				}
			},
			ns0#"QRD.9": {
				ns0#"CE.1": "DEM"
			}
		},
		ns0#"ADR_A19.QUERY_RESPONSE": {
			ns0#PID: {
				ns0#"PID.1": payload.patientId as :string,
				ns0#"PID.3": {
					ns0#"CX.1": payload.patientId as :string
				},
				ns0#"PID.5": {
					ns0#"XPN.1": {
						ns0#"FN.1": payload.lastName
					},
					ns0#"XPN.2": payload.firstName
				},
				ns0#"PID.7": {
					ns0#"TS.1": payload.birthDate as :string {format : "yyyyMMdd"}
				},
				ns0#"PID.30": "N"
			},
			ns0#PV1: {
				ns0#"PV1.7": {
					ns0#"XCN.2": {
						ns0#"FN.1": payload.physicianName
					}
				},
				ns0#"PV1.44": {
					ns0#"TS.1": payload.admitDate as :string {format : "yyyyMMdd"}
				}
			},
			(payload.labResults map ((value , index) -> {
				ns0#OBX: {
					ns0#"OBX.1":value.resultId as :string,
					ns0#"OBX.2": "TX",
					ns0#"OBX.3": {
						ns0#"CE.1": value.code,
						ns0#"CE.2": value.description,
						ns0#"CE.5": value.results
					},
					ns0#"OBX.11": "F",
					ns0#"OBX.14": {
						ns0#"TS.1": value.resultDate as :string {format : "yyyyMMdd"}
					}				
				}
			}))
		}		
	}
}]]></dw:set-payload>
        </dw:transform-message>
        <object-to-string-transformer doc:name="Object to String"/>
        <hl7:hl7-encoding-transformer ignoreBadInput="true" hl7Encoding="XML" doc:name="HL7 Encoding Transformer"/>
    </flow>
    <flow name="EMR-System-console">
        <http:listener config-ref="HTTP_Listener_Configuration" path="/console/*" doc:name="HTTP"/>
        <apikit:console config-ref="EMR-System-config" doc:name="APIkit Console"></apikit:console>
    </flow>
    <sub-flow name="GetLastVisitForPatient">
        <db:select config-ref="MySQL_Configuration" doc:name="Database">
            <db:parameterized-query><![CDATA[select patient.patientid, firstname, lastname, birthdate, admitdate, physicianname, visitid from patient
inner join visit on visit.patientid = patient.patientid
where patient.patientid = #[payload.patientId]
order by admitdate DESC]]></db:parameterized-query>
        </db:select>
        <choice doc:name="Choice">
            <when expression="#[payload == empty]">
                <scripting:component doc:name="Groovy">
                    <scripting:script engine="Groovy"><![CDATA[throw new org.mule.module.apikit.exception.NotFoundException("Patient has no visit records in EMR");]]></scripting:script>
                </scripting:component>
            </when>
            <otherwise>
                <dw:transform-message metadata:id="e6ebdf0e-bee3-4b6d-9f9a-fdfd64f10391" doc:name="format last visit for patient">
                    <dw:set-payload><![CDATA[%dw 1.0
%output application/java
---
{
	admitDate: payload.admitdate[0],
	birthDate: payload.birthdate[0],
	firstName: payload.firstname[0],
	lastName: payload.lastname[0],
	patientId: payload.patientid[0],
	physicianName: payload.physicianname[0],
	visitId: payload.visitid[0]
} as :object {
	class : "com.mulesoft.demo.healthcare.PatientVisit"
}]]></dw:set-payload>
                </dw:transform-message>
                <logger message="GetLastVisitForPatient: Last visit was #[payload.visitId]" level="INFO" doc:name="log the last patient visit"/>
            </otherwise>
        </choice>
    </sub-flow>
    <sub-flow name="GetLabResultsForVisit">
        <db:select config-ref="MySQL_Configuration" doc:name="Database">
            <db:parameterized-query><![CDATA[select visitid, labresultid, resultdate, code, description, results from labresults where visitid = #[payload.visitId]]]></db:parameterized-query>
        </db:select>
        <dw:transform-message metadata:id="b73a35e0-38d2-4030-a702-1eea7ed892dd" doc:name="format lab results for visit">
            <dw:set-payload><![CDATA[%dw 1.0
%output application/java
---
{
	labResults: payload map ((value , index) -> {
		code: value.code,
		description: value.description,
		resultDate: value.resultdate as :date {format : "yyyy-MM-dd"},
		resultId: value.labresultid,
		results: value.results,
		visitId: value.visitid
	})
} as :object {
	class : "com.mulesoft.demo.healthcare.PatientVisit"
}]]></dw:set-payload>
        </dw:transform-message>
    </sub-flow>
    <flow name="get:/labresults:EMR-System-config">
        <db:select config-ref="MySQL_Configuration" doc:name="Database">
            <db:parameterized-query><![CDATA[select visitid, labresultid, resultdate, code, description, results from labresults ORDER BY visitid]]></db:parameterized-query>
        </db:select>
        <dw:transform-message doc:name="format lab results">
            <dw:input-payload doc:sample="sample_data/list_map.dwl"/>
            <dw:set-payload><![CDATA[%dw 1.0
%output application/json
---
{
	labResults: payload map ((payload01 , indexOfPayload01) -> {
		code: payload01.code,
		description: payload01.description,
		labResultId: payload01.labresultid,
		resultDate: payload01.resultdate as :string,
		results: payload01.results,
		visitId: payload01.visitid
	})
}]]></dw:set-payload>
        </dw:transform-message>
    </flow>
    <flow name="get:/visits:EMR-System-config">
        <db:select config-ref="MySQL_Configuration" doc:name="Database">
            <db:parameterized-query><![CDATA[select * from visit order by patientID]]></db:parameterized-query>
        </db:select>
        <dw:transform-message doc:name="format visits">
            <dw:input-payload doc:sample="sample_data/list_map_1.dwl"/>
            <dw:set-payload><![CDATA[%dw 1.0
%output application/json
---
{
	visits: payload map ((payload01 , indexOfPayload01) -> {
		admitDate: payload01.AdmitDate as :string,
		patientId: payload01.PatientID,
		physicianName: payload01.PhysicianName,
		visitId: payload01.VisitID
	})
}]]></dw:set-payload>
        </dw:transform-message>
    </flow>
    <flow name="post:/labresult:EMR-System-config">
        <logger message="viistId: #[message.inboundProperties.'http.query.params'.visitId] , description: #[message.inboundProperties.'http.query.params'.description], observationCode #[message.inboundProperties.'http.query.params'.observationCode], observationDate #[message.inboundProperties.'http.query.params'.observationDate], , results #[message.inboundProperties.'http.query.params'.results]" level="INFO" doc:name="Logger"/>
        <dw:transform-message doc:name="Transform Message">
            <dw:set-payload><![CDATA[%dw 1.0
%output application/java
---
payload]]></dw:set-payload>
            <dw:set-variable variableName="visitId"><![CDATA[%dw 1.0
%output application/java
---
inboundProperties."http.query.params".visitId
]]></dw:set-variable>
            <dw:set-variable variableName="description"><![CDATA[%dw 1.0
%output application/java
---
inboundProperties."http.query.params".description]]></dw:set-variable>
            <dw:set-variable variableName="observationCode"><![CDATA[%dw 1.0
%output application/java
---
inboundProperties."http.query.params".observationCode]]></dw:set-variable>
            <dw:set-variable variableName="observationDate"><![CDATA[%dw 1.0
%output application/java
---
inboundProperties."http.query.params".observationDate]]></dw:set-variable>
            <dw:set-variable variableName="results"><![CDATA[%dw 1.0
%output application/java
---
inboundProperties."http.query.params".results]]></dw:set-variable>
        </dw:transform-message>
        <db:select config-ref="MySQL_Configuration" doc:name="check visitId">
            <db:parameterized-query><![CDATA[select visitid as visitId from Visit where visitid = #[flowVars.visitId]]]></db:parameterized-query>
        </db:select>
        <choice doc:name="Choice">
            <when expression="#[payload == empty]">
                <scripting:component doc:name="invalid visitId">
                    <scripting:script engine="Groovy"><![CDATA[throw new org.mule.module.apikit.exception.NotFoundException("Visit not found by ID");]]></scripting:script>
                </scripting:component>
            </when>
            <otherwise>
                <db:select config-ref="MySQL_Configuration" doc:name="get labResultId">
                    <db:parameterized-query><![CDATA[select max(labresultid) as labResultId from LabResults]]></db:parameterized-query>
                </db:select>
                <set-variable variableName="labresultid" value="#[payload.get(0).labResultId + 1]" doc:name="increment labResultId"/>
            </otherwise>
        </choice>
        <logger message="new labResultId is #[flowVars.labresultid]" level="INFO" doc:name="Logger"/>
        <db:insert config-ref="MySQL_Configuration" doc:name="Insert new lab result">
            <db:parameterized-query><![CDATA[INSERT INTO LabResults (LabResultID,ResultDate,Code,Description,Results,VisitID) VALUES 
(
#[flowVars.labresultid],
#[flowVars.observationDate],
#[flowVars.observationCode],
#[flowVars.description],
#[flowVars.results],
#[flowVars.visitId]
)]]></db:parameterized-query>
        </db:insert>
        <set-property propertyName="Content-Type" value="application/json" doc:name="Property"/>
        <set-payload value="{&quot;status&quot;: &quot;success&quot;, &quot;labResultId&quot;: #[flowVars.labresultid]}" doc:name="Set Payload"/>
    </flow>
    <flow name="post:/visit:EMR-System-config">
        <logger message="admitdate: #[message.inboundProperties.'http.query.params'.admitDate] , physician: #[message.inboundProperties.'http.query.params'.physicianName], patientID #[message.inboundProperties.'http.query.params'.patientId]" level="INFO" doc:name="Logger"/>
        <dw:transform-message metadata:id="7111eab5-f9ed-4f5f-b598-75761af2c581" doc:name="Transform Message">
            <dw:set-payload><![CDATA[%dw 1.0
%output application/java
---
payload]]></dw:set-payload>
            <dw:set-variable variableName="physicianName"><![CDATA[%dw 1.0
%output application/java
---
inboundProperties."http.query.params".physicianName]]></dw:set-variable>
            <dw:set-variable variableName="patientId"><![CDATA[%dw 1.0
%output application/java
---
inboundProperties."http.query.params".patientId]]></dw:set-variable>
            <dw:set-variable variableName="admitDate"><![CDATA[%dw 1.0
%output application/java
---
inboundProperties."http.query.params".admitDate]]></dw:set-variable>
        </dw:transform-message>
        <db:select config-ref="MySQL_Configuration" doc:name="check patientid">
            <db:parameterized-query><![CDATA[select patientid as patientId from patient where patientid = #[flowVars.patientId]]]></db:parameterized-query>
        </db:select>
        <choice doc:name="Choice">
            <when expression="payload == empty">
                <scripting:component doc:name="invalid patientid">
                    <scripting:script engine="Groovy"><![CDATA[throw new org.mule.module.apikit.exception.NotFoundException("Patient not found by ID");]]></scripting:script>
                </scripting:component>
            </when>
            <otherwise>
                <db:select config-ref="MySQL_Configuration" doc:name="get visitId">
                    <db:parameterized-query><![CDATA[select max(VisitId) as visitId from Visit]]></db:parameterized-query>
                </db:select>
                <set-variable variableName="visitId" value="#[payload.get(0).visitId + 1]" doc:name="increment visitId"/>
            </otherwise>
        </choice>
        <logger message="new visitId is #[flowVars.visitId]" level="INFO" doc:name="Logger"/>
        <db:insert config-ref="MySQL_Configuration" doc:name="Insert new visit">
            <db:parameterized-query><![CDATA[INSERT INTO Visit (VisitID,AdmitDate,PhysicianName,PatientID) VALUES 
(
#[flowVars.visitId],
#[flowVars.admitDate],
#[flowVars.physicianName],
#[flowVars.patientId]
)]]></db:parameterized-query>
        </db:insert>
        <set-property propertyName="Content-Type" value="application/json" doc:name="Property"/>
        <set-payload value="{&quot;status&quot;: &quot;success&quot;, &quot;visitId&quot;: #[flowVars.visitId]}" doc:name="Set Payload"/>
    </flow>
    <apikit:mapping-exception-strategy xmlns:apikit="http://www.mulesoft.org/schema/mule/apikit" name="EMR-System-apiKitGlobalExceptionMapping">
        <apikit:mapping statusCode="404">
            <apikit:exception value="org.mule.module.apikit.exception.NotFoundException" />
            <set-property propertyName="Content-Type" value="application/json" doc:name="Property"/>
            <set-payload value="{ &quot;message&quot;: &quot;Resource not found&quot; }" doc:name="Set Payload"/>
        </apikit:mapping>
        <apikit:mapping statusCode="405">
            <apikit:exception value="org.mule.module.apikit.exception.MethodNotAllowedException" />
            <set-property propertyName="Content-Type" value="application/json" doc:name="Property"/>
            <set-payload value="{ &quot;message&quot;: &quot;Method not allowed&quot; }" doc:name="Set Payload"/>
        </apikit:mapping>
        <apikit:mapping statusCode="415">
            <apikit:exception value="org.mule.module.apikit.exception.UnsupportedMediaTypeException" />
            <set-property propertyName="Content-Type" value="application/json" doc:name="Property"/>
            <set-payload value="{ &quot;message&quot;: &quot;Unsupported media type&quot; }" doc:name="Set Payload"/>
        </apikit:mapping>
        <apikit:mapping statusCode="406">
            <apikit:exception value="org.mule.module.apikit.exception.NotAcceptableException" />
            <set-property propertyName="Content-Type" value="application/json" doc:name="Property"/>
            <set-payload value="{ &quot;message&quot;: &quot;Not acceptable&quot; }" doc:name="Set Payload"/>
        </apikit:mapping>
        <apikit:mapping statusCode="400">
            <apikit:exception value="org.mule.module.apikit.exception.BadRequestException" />
            <set-property propertyName="Content-Type" value="application/json" doc:name="Property"/>
            <set-payload value="{ &quot;message&quot;: &quot;Bad request&quot; }" doc:name="Set Payload"/>
        </apikit:mapping>
    </apikit:mapping-exception-strategy>
</mule>
