<?xml version="1.0" encoding="UTF-8"?>
<mule xmlns:scripting="http://www.mulesoft.org/schema/mule/scripting" xmlns="http://www.mulesoft.org/schema/mule/core" xmlns:apikit="http://www.mulesoft.org/schema/mule/apikit" xmlns:db="http://www.mulesoft.org/schema/mule/db" xmlns:doc="http://www.mulesoft.org/schema/mule/documentation" xmlns:dw="http://www.mulesoft.org/schema/mule/ee/dw" xmlns:hl7="http://www.mulesoft.org/schema/mule/hl7" xmlns:http="http://www.mulesoft.org/schema/mule/http" xmlns:json="http://www.mulesoft.org/schema/mule/json" xmlns:metadata="http://www.mulesoft.org/schema/mule/metadata" xmlns:mulexml="http://www.mulesoft.org/schema/mule/xml" xmlns:spring="http://www.springframework.org/schema/beans" xmlns:tracking="http://www.mulesoft.org/schema/mule/ee/tracking" xmlns:xsi="http://www.w3.org/2001/XMLSchema-instance" xsi:schemaLocation="http://www.mulesoft.org/schema/mule/core http://www.mulesoft.org/schema/mule/core/current/mule.xsd
http://www.mulesoft.org/schema/mule/http http://www.mulesoft.org/schema/mule/http/current/mule-http.xsd
http://www.mulesoft.org/schema/mule/apikit http://www.mulesoft.org/schema/mule/apikit/current/mule-apikit.xsd
http://www.springframework.org/schema/beans http://www.springframework.org/schema/beans/spring-beans-3.1.xsd
http://www.mulesoft.org/schema/mule/db http://www.mulesoft.org/schema/mule/db/current/mule-db.xsd
http://www.mulesoft.org/schema/mule/ee/dw http://www.mulesoft.org/schema/mule/ee/dw/current/dw.xsd
http://www.mulesoft.org/schema/mule/ee/tracking http://www.mulesoft.org/schema/mule/ee/tracking/current/mule-tracking-ee.xsd
http://www.mulesoft.org/schema/mule/xml http://www.mulesoft.org/schema/mule/xml/current/mule-xml.xsd
http://www.mulesoft.org/schema/mule/json http://www.mulesoft.org/schema/mule/json/current/mule-json.xsd
http://www.mulesoft.org/schema/mule/scripting http://www.mulesoft.org/schema/mule/scripting/current/mule-scripting.xsd
http://www.mulesoft.org/schema/mule/hl7 http://www.mulesoft.org/schema/mule/hl7/current/mule-hl7.xsd">
    <apikit:config name="patients-config" raml="patients.raml" consoleEnabled="false" doc:name="Router" />
    <flow name="patients-main">
        <http:listener config-ref="HTTP_Listener_Configuration" path="/patients/api/*" doc:name="HTTP" />
        <apikit:router config-ref="patients-config" doc:name="APIkit Router" />
        <exception-strategy ref="patients-apiKitGlobalExceptionMapping" doc:name="Reference Exception Strategy" />
    </flow>
    <flow name="patients-console">
        <http:listener config-ref="HTTP_Listener_Configuration" path="/patients/console/*" doc:name="HTTP" />
        <apikit:console config-ref="patients-config" doc:name="APIkit Console" />
    </flow>
    <flow name="get:/patients:patients-config">
        <db:select config-ref="MySQL_Configuration" doc:name="Database">
            <db:parameterized-query><![CDATA[select patientid, firstname, lastname, birthdate from patient]]></db:parameterized-query>
        </db:select>
        <dw:transform-message doc:name="format patients">
            <dw:set-payload><![CDATA[%dw 1.0
%output application/json
---
{
	patients: payload map ((payload01 , indexOfPayload01) -> {
		birthDate: payload01.birthdate as :string {format: "YYYY-MM-dd"},
		firstName: payload01.firstname,
		lastName: payload01.lastname,
		patientId: payload01.patientid
	})
}]]></dw:set-payload>
        </dw:transform-message>
    </flow>
    <flow name="get:/patient/{patientid}:patients-config">
        <db:select config-ref="MySQL_Configuration" doc:name="Database">
            <db:parameterized-query><![CDATA[select patientid, firstname, lastname, birthdate from patient where patientid = #[message.inboundProperties.'http.uri.params'.patientid]]]></db:parameterized-query>
        </db:select>
        <dw:transform-message doc:name="format patient">
            <dw:set-payload><![CDATA[%dw 1.0
%output application/json
---
{
	birthDate: payload[0].birthdate as :string {format: "YYYY-MM-dd"},
	firstName: payload[0].firstname,
	lastName: payload[0].lastname,
	patientId: payload[0].patientid as :string
}]]></dw:set-payload>
        </dw:transform-message>
    </flow>
    <flow name="post:/patient:patients-config">
        <db:select config-ref="MySQL_Configuration" doc:name="Database">
            <db:parameterized-query><![CDATA[select max(patientid) as patientid from patient]]></db:parameterized-query>
        </db:select>
        <choice doc:name="Check if any patients exists">
            <when expression="#[payload.get(0).patientid == null]">
                <set-variable variableName="patient" value="#[{&quot;patientId&quot;: 1}]" doc:name="no patient exists"/>
            </when>
            <otherwise>
                <set-variable variableName="patient" value="#[{&quot;patientId&quot;: payload.get(0).patientid + 1}]" doc:name="increment patient ID"/>
            </otherwise>
        </choice>
        <db:insert config-ref="MySQL_Configuration" doc:name="Database">
            <db:parameterized-query><![CDATA[INSERT INTO Patient (PatientID,FirstName,LastName,BirthDate) VALUES 
(
#[flowVars.patient.patientId],
#[message.inboundProperties["http.query.params"].firstName],
#[message.inboundProperties["http.query.params"].lastName],
#[message.inboundProperties["http.query.params"].birthDate]
)]]></db:parameterized-query>
        </db:insert>
        <set-property propertyName="Content-Type" value="application/json" doc:name="Property"/>
        <set-payload value="{&quot;status&quot;: &quot;success&quot;, &quot;patientId&quot;: #[flowVars.patient.patientId]}" doc:name="Set Payload"/>
    </flow>
    <flow name="get:/patient/lastvisit/{patientid}:patients-config">
        <logger message="patients - Patient id:  #[flowVars.patientid]" level="INFO" doc:name="Log patient id"/>
        <dw:transform-message doc:name="Create QRY_A19 v231" metadata:id="fd1f6962-92b6-41da-a13e-b59ababfb938">
            <dw:input-payload/>
            <dw:input-variable doc:sample="sample_data/string_1.dwl" variableName="patientid"/>
            <dw:set-payload><![CDATA[%dw 1.0
%output application/xml
%namespace ns0 urn:hl7-org:v2xml
---
{
	ns0#QRY_A19: {
		ns0#MSH: {
			ns0#"MSH.1": "|",
			ns0#"MSH.2": "^~\\\\&",
			ns0#"MSH.3": {
				ns0#"HD.1": "PatientAPI"
			},
			ns0#"MSH.7": {
				ns0#"TS.1": now as :string {format : "yyyyMMddkkmm"}
			},
			ns0#"MSH.9": {
				ns0#"MSG.1": "QRY",
				ns0#"MSG.2": "A19"
			},
			ns0#"MSH.10": now as :string {format : "yyyyMMddkkmmssSSS"},
			ns0#"MSH.12": {
				ns0#"VID.1": "2.3.1"
			}
		},
		ns0#QRD: {
			ns0#"QRD.1": {
				ns0#"TS.1": now as :string {format : "yyyyMMddkkmm"}
			},
			ns0#"QRD.2": "R",
			ns0#"QRD.3": "I",
			ns0#"QRD.4": "Q" ++ now as :string {format : "yyyyMMddkkmmssSSS"},
			ns0#"QRD.7": {
				ns0#"CQ.1": "1",
				ns0#"CQ.2": {
					ns0#"CE.1": "RD"
				}
			},
			ns0#"QRD.8": {
				ns0#"XCN.1": flowVars.patientid,
				ns0#"XCN.9": {
					ns0#"HD.1": "D" ++ flowVars.patientid
				}
			},
			ns0#"QRD.9": {
				ns0#"CE.1": "DEM"
			}
		}
	}
}]]></dw:set-payload>
        </dw:transform-message>
        <object-to-string-transformer doc:name="Object to String"/>
        <logger message="patients - QRY_A19 XML: #[payload]" level="INFO" doc:name="Log QRY_A19 XML"/>
        <hl7:hl7-encoding-transformer  hl7Encoding="ER7" doc:name="HL7 Encoding Transformer"/>
        <logger message="patients - QRY_A19 being sent to EMR: #[payload]" level="INFO" doc:name="Log QRY_A19"/>
        <hl7:outbound-endpoint host="localhost" port="5004" responseTimeout="10000" exchange-pattern="request-response" doc:name="HL7 MLLP"/>
        <logger message="patients - ADR_A19: #[payload]" level="INFO" doc:name="Log ADR_A19"/>
        <choice doc:name="Was patient found">
            <when expression="payload != org.mule.transport.NullPayload.getInstance() ">
                <dw:transform-message metadata:id="cc46b2c9-7e52-4eee-b9cd-f3749ac7511e" doc:name="HL7 to JSON">
                    <dw:input-payload mimeType="application/xml"/>
                    <dw:set-payload><![CDATA[%dw 1.0
%output application/json
%namespace ns0 urn:hl7-org:v2xml
---
{
	admitDate: payload.ns0#ADR_A19.ns0#"ADR_A19.QUERY_RESPONSE".ns0#PV1.ns0#"PV1.44".ns0#"TS.1" as :string,
	birthDate: payload.ns0#ADR_A19.ns0#"ADR_A19.QUERY_RESPONSE".ns0#PID.ns0#"PID.7".ns0#"TS.1" as :string,
	firstName: payload.ns0#ADR_A19.ns0#"ADR_A19.QUERY_RESPONSE".ns0#PID.ns0#"PID.5".ns0#"XPN.2",
	(labresults: payload.ns0#ADR_A19.ns0#"ADR_A19.QUERY_RESPONSE".*ns0#OBX map ((oBX , indexOfOBX) -> {
		description: oBX.ns0#"OBX.3".ns0#"CE.2",
		observationCode: oBX.ns0#"OBX.3".ns0#"CE.1",
		observationDate: oBX.ns0#"OBX.14".ns0#"TS.1",
		results: oBX.ns0#"OBX.3".ns0#"CE.5"
	})) when payload.ns0#ADR_A19.ns0#"ADR_A19.QUERY_RESPONSE".*ns0#OBX != null,
	lastName: payload.ns0#ADR_A19.ns0#"ADR_A19.QUERY_RESPONSE".ns0#PID.ns0#"PID.5".ns0#"XPN.1".ns0#"FN.1",
	patientId: payload.ns0#ADR_A19.ns0#"ADR_A19.QUERY_RESPONSE".ns0#PID.ns0#"PID.1" as :string,
	physicianName: payload.ns0#ADR_A19.ns0#"ADR_A19.QUERY_RESPONSE".ns0#PV1.ns0#"PV1.7".ns0#"XCN.2".ns0#"FN.1"
}]]></dw:set-payload>
                </dw:transform-message>
            </when>
            <otherwise>
                <scripting:component doc:name="not found exception">
                    <scripting:script engine="Groovy"><![CDATA[throw new org.mule.module.apikit.exception.NotFoundException("Patient or Visit not found by ID");]]></scripting:script>
                </scripting:component>
            </otherwise>
        </choice>
    </flow>
    <apikit:mapping-exception-strategy name="patients-apiKitGlobalExceptionMapping">
        <apikit:mapping statusCode="404">
            <apikit:exception value="org.mule.module.apikit.exception.NotFoundException" />
            <set-property propertyName="Content-Type" value="application/json" doc:name="Property" />
            <set-payload value="{ &quot;message&quot;: &quot;Resource not found&quot; }" doc:name="Set Payload" />
        </apikit:mapping>
        <apikit:mapping statusCode="405">
            <apikit:exception value="org.mule.module.apikit.exception.MethodNotAllowedException" />
            <set-property propertyName="Content-Type" value="application/json" doc:name="Property" />
            <set-payload value="{ &quot;message&quot;: &quot;Method not allowed&quot; }" doc:name="Set Payload" />
        </apikit:mapping>
        <apikit:mapping statusCode="415">
            <apikit:exception value="org.mule.module.apikit.exception.UnsupportedMediaTypeException" />
            <set-property propertyName="Content-Type" value="application/json" doc:name="Property" />
            <set-payload value="{ &quot;message&quot;: &quot;Unsupported media type&quot; }" doc:name="Set Payload" />
        </apikit:mapping>
        <apikit:mapping statusCode="406">
            <apikit:exception value="org.mule.module.apikit.exception.NotAcceptableException" />
            <set-property propertyName="Content-Type" value="application/json" doc:name="Property" />
            <set-payload value="{ &quot;message&quot;: &quot;Not acceptable&quot; }" doc:name="Set Payload" />
        </apikit:mapping>
        <apikit:mapping statusCode="400">
            <apikit:exception value="org.mule.module.apikit.exception.BadRequestException" />
            <set-property propertyName="Content-Type" value="application/json" doc:name="Property" />
            <set-payload value="{ &quot;message&quot;: &quot;Bad request&quot; }" doc:name="Set Payload" />
        </apikit:mapping>
    </apikit:mapping-exception-strategy>
</mule>
