<?xml version="1.0" encoding="UTF-8"?>
<ns0:QRY_A19 xmlns:ns0="urn:hl7-org:v2xml">
  <ns0:MSH>
    <ns0:MSH.1>|</ns0:MSH.1>
    <ns0:MSH.2>^~\&amp;</ns0:MSH.2>
    <ns0:MSH.3>
      <ns0:HD.1>PatientAPI</ns0:HD.1>
    </ns0:MSH.3>
    <ns0:MSH.7>
      <ns0:TS.1>201701181550</ns0:TS.1>
    </ns0:MSH.7>
    <ns0:MSH.9>
      <ns0:MSG.1>QRY</ns0:MSG.1>
      <ns0:MSG.2>A19</ns0:MSG.2>
    </ns0:MSH.9>
    <ns0:MSH.10>20170118155029029</ns0:MSH.10>
    <ns0:MSH.12>
      <ns0:VID.1>2.3.1</ns0:VID.1>
    </ns0:MSH.12>
  </ns0:MSH>
  <ns0:QRD>
    <ns0:QRD.1>
      <ns0:TS.1>201701181550</ns0:TS.1>
    </ns0:QRD.1>
    <ns0:QRD.2>R</ns0:QRD.2>
    <ns0:QRD.3>I</ns0:QRD.3>
    <ns0:QRD.4>Q20170118155029029</ns0:QRD.4>
    <ns0:QRD.7>
      <ns0:CQ.1>1</ns0:CQ.1>
      <ns0:CQ.2>
        <ns0:CE.1>RD</ns0:CE.1>
      </ns0:CQ.2>
    </ns0:QRD.7>
    <ns0:QRD.8>
      <ns0:XCN.1>1</ns0:XCN.1>
      <ns0:XCN.9>
        <ns0:HD.1>D1</ns0:HD.1>
      </ns0:XCN.9>
    </ns0:QRD.8>
    <ns0:QRD.9>
      <ns0:CE.1>DEM</ns0:CE.1>
    </ns0:QRD.9>
  </ns0:QRD>
</ns0:QRY_A19>