{
  "$schema": "http://json-schema.org/draft-04/schema#",
  "id": "http://com.mulesoft.demo.hl7",
  "type": "object",
  "properties": {
    "labResults": {
      "id": "http://com.mulesoft.demo.hl7.labResult",
      "type": "array",
      "items": {
        "id": "http://com.mulesoft.demo.hl7.labResult.array",
        "type": "object",
        "properties": {
          "labResultId": {
            "id": "http://com.mulesoft.demo.hl7.labResult.array.labResultId",
            "type": "integer"
          },
          "resultDate": {
            "id": "http://com.mulesoft.demo.hl7.labResult.array.resultDate",
            "type": "string"
          },
          "code": {
            "id": "http://com.mulesoft.demo.hl7.labResult.array.code",
            "type": "string"
          },
          "description": {
            "id": "http://com.mulesoft.demo.hl7.labResult.array.description",
            "type": "string"
          },
          "results": {
            "id": "http://com.mulesoft.demo.hl7.labResult.array.results",
            "type": "string"
          },
          "visitId": {
            "id": "http://com.mulesoft.demo.hl7.labResult.array.visitId",
            "type": "integer"
          }
        },
        "required": [
          "labResultId",
          "resultDate",
          "code",
          "description",
          "results",
          "visitId"
        ]
      }
    }
  }
}