{
  "$schema": "http://json-schema.org/draft-04/schema#",
  "id": "http://mulesoft.demo.hl7.patient",
  "type": "object",
  "properties": {
    "patientId": {
      "id": "http://mulesoft.demo.hl7.patient/patientId",
      "type": "string"
    },
    "firstName": {
      "id": "http://mulesoft.demo.hl7.patient/firstName",
      "type": "string"
    },
    "lastName": {
      "id": "http://mulesoft.demo.hl7.patient/lastName",
      "type": "string"
    },
    "birthDate": {
      "id": "http://mulesoft.demo.hl7.patient/birthDate",
      "type": "string"
    }
  },
  "required": [
    "patientId",
    "firstName",
    "lastName",
    "birthDate"
  ]
}