{
	"type":"object",
	"$schema": "http://json-schema.org/draft-03/schema",
	"id": "http://com.mulesoft.demo.healthcare.get.json.patient.visit",
	"required":false,
	"properties":{
      "patientId": {
        "type":"string",
        "id": "http://com.mulesoft.demo.healthcare.get.json.patient.visit.patientId",
        "required":true
      },
      "firstName": {
        "type":"string",
        "id": "http://com.mulesoft.demo.healthcare.get.json.patient.visit.firstName",
        "required":true
      },
      "lastName": {
        "type":"string",
        "id": "http://com.mulesoft.demo.healthcare.get.json.patient.visit.lastName",
        "required":true
      },
      "birthDate": {
        "type":"string",
        "id": "http://com.mulesoft.demo.healthcare.get.json.patient.visit.birthDate",
        "required":true
      },
      "admitDate": {
        "type":"string",
        "id": "http://com.mulesoft.demo.healthcare.get.json.patient.visit.firstName",
        "required":true
      },
      "physicianName": {
        "type":"string",
        "id": "http://com.mulesoft.demo.healthcare.get.json.patient.visit.physicianName",
        "required":true
      },
      "labresults": {
        "type":"array",
        "id":"http://com.mulesoft.demo.healthcare.get.json.patient.visit.labresults",
        "required":false,
        "items": {
          "type":"object",
          "required":false,
          "properties": {
            "observationDate": {
              "type":"string",
              "id": "http://com.mulesoft.demo.healthcare.get.json.patient.visit.labresults.observationDate",
              "required":true
            },
            "observationCode": {
              "type":"string",
              "id": "http://com.mulesoft.demo.healthcare.get.json.patient.visit.labresults.observationCode",
              "required":true
            },
            "description": {
              "type":"string",
              "id": "http://com.mulesoft.demo.healthcare.get.json.patient.visit.labresults.description",
              "required":true
            },
            "results": {
              "type":"string",
              "id": "http://com.mulesoft.demo.healthcare.get.json.patient.visit.labresults.results",
              "required":true
            }
          }
        }
     }
  }
}