{
  "$schema": "http://json-schema.org/draft-04/schema#",
  "id": "http://com.mulesoft.demo.hl7",
  "type": "object",
  "properties": {
    "patients": {
      "id": "http://com.mulesoft.demo.hl7.patient",
      "type": "array",
      "items": {
        "id": "http://com.mulesoft.demo.hl7.patient.array",
        "type": "object",
        "properties": {
          "patientId": {
            "id": "http://com.mulesoft.demo.hl7.patient.array.patientId",
            "type": "integer"
          },
          "firstName": {
            "id": "http://com.mulesoft.demo.hl7.patient.array.firstName",
            "type": "string"
          },
          "lastName": {
            "id": "http://com.mulesoft.demo.hl7.patient.array.lastName",
            "type": "string"
          },
          "birthDate": {
            "id": "http://com.mulesoft.demo.hl7.patient.array.birthDate",
            "type": "string"
          }
        },
        "required": [
          "patientId",
          "firstName",
          "lastName",
          "birthDate"
        ]
      }
    }
  }
}