{
  "$schema": "http://json-schema.org/draft-04/schema#",
  "id": "http://com.mulesoft.demo.hl7",
  "type": "object",
  "properties": {
    "visits": {
      "id": "http://com.mulesoft.demo.hl7.visit",
      "type": "array",
      "items": {
        "id": "http://com.mulesoft.demo.hl7.visit.array",
        "type": "object",
        "properties": {
          "visitId": {
            "id": "http://com.mulesoft.demo.hl7.patient.array.visitId",
            "type": "integer"
          },
          "admitDate": {
            "id": "http://com.mulesoft.demo.hl7.patient.array.admitDate",
            "type": "string"
          },
          "physicianName": {
            "id": "http://com.mulesoft.demo.hl7.patient.array.physicianName",
            "type": "string"
          },
          "patientId": {
            "id": "http://com.mulesoft.demo.hl7.patient.array.patientId",
            "type": "integer"
          }
        },
        "required": [
          "visitId",
          "admitDate",
          "physicianName",
          "patientId"
        ]
      }
    }
  }
}